{
	"format_version": "1.8.0",
	"animations": {
		"shock.model.new": {
			"loop": true,
			"animation_length": 2.04167,
			"bones": {
				"eye": {
					"position": {
						"0.0": [-0.4, 0.4, 0],
						"0.5417": [-0.3, 0.3, 0],
						"0.9167": [-0.36, 0.36, 0.06],
						"1.0": [-0.37, 0.37, 0.2],
						"1.0417": [-0.4, 0.4, 0.1],
						"1.0833": [-0.37, 0.38, 0.2],
						"1.125": [-0.36, 0.37, 0.08],
						"1.5": [-0.3, 0.3, 0],
						"1.9167": [-0.4, 0.4, 0]
					},
					"scale": {
						"0.5417": [0.9, 0.8, 1],
						"1.5": [0.9, 0.8, 1]
					}
				},
				"brown": {
					"rotation": {
						"0.5417": [0, 0, -6],
						"1.5": [0, 0, -6]
					},
					"position": {
						"0.5417": [-0.1, 0.7, 0],
						"1.5": [-0.1, 0.8, 0]
					},
					"scale": {
						"0.5417": [1, 0.91, 1],
						"1.5": [1, 0.91, 1]
					}
				},
				"Head": {
					"position": {
						"0.875": [0, 0, 0],
						"0.9167": [0, 0, 0]
					}
				},
				"veka": {
					"position": {
						"0.0": [0, 0, 0.1],
						"0.9167": [0, 0, 0.03],
						"0.9583": [0, 0, -0.08],
						"1.0": [0, 0, -0.1],
						"1.0417": [0, 0, -0.05],
						"1.0833": [0, 0, -0.09],
						"1.125": [0, 0, 0.02],
						"2.0": [0, 0, 0.1]
					}
				}
			}
		},
		"idle.model.new": {
			"loop": true,
			"animation_length": 3.58333,
			"bones": {
				"Body": {
					"position": {
						"0.0": [0, 0, 0],
						"0.9167": [0, 0.4, 0],
						"1.75": [0, 0, 0],
						"2.5833": [0, 0.4, 0],
						"3.5833": [0, 0, 0]
					},
					"scale": {
						"0.0": [1, 1, 1],
						"0.9167": [1.04, 1.02, 1.1],
						"1.75": [1, 1, 1],
						"2.5833": [1.04, 1.02, 1.1],
						"3.5833": [1, 1, 1]
					}
				},
				"eye": {
					"position": {
						"2.0": [0, 0, 0],
						"2.0833": [0, 0, 0.2],
						"2.25": [0, 0, 0.2],
						"2.3333": [0, 0, 0]
					}
				},
				"veka": {
					"position": {
						"2.0": [0, 0, 0],
						"2.0833": [0, 0, -0.2],
						"2.25": [0, 0, -0.2],
						"2.3333": [0, 0, 0]
					}
				},
				"RightArm": {
					"position": {
						"0.0": [0, 0, 0],
						"0.9167": [0, 0.2, 0],
						"1.75": [0, 0, 0],
						"2.5833": [0, 0.2, 0],
						"3.5833": [0, 0, 0]
					}
				},
				"LeftArm": {
					"position": {
						"0.0": [0, 0, 0],
						"0.9167": [0, 0.2, 0],
						"1.75": [0, 0, 0],
						"2.5833": [0, 0.3, 0],
						"3.5": [0, 0, 0]
					}
				}
			}
		},
		"give_player.unknown.new": {
			"animation_length": 1,
			"bones": {
				"RightArm": {
					"rotation": {
						"0.0": [0, 0, 0],
						"0.375": [-22.5, 0, 0]
					},
					"position": [0, 0, 0]
				},
				"bone2": {
					"rotation": {
						"0.0": [0, 0, 0],
						"0.4583": [-40, 0, 0]
					}
				}
			}
		}
	}
}